match_id,ohrc_projected_x_5m,ohrc_projected_y_5m,tmc_ortho_x_5m,tmc_ortho_y_5m,descriptor_distance,split,forward_residual_tmc_5m_px,inlier
0,226.0819854736328,113.72235107421875,228.87623596191406,136.29922485351562,81.0,training,0.9445074796676636,1
4,394.72015380859375,268.85858154296875,401.0570373535156,293.13787841796875,43.0,training,1.1031856536865234,1
5,335.01708984375,277.62652587890625,340.1310729980469,301.3221740722656,72.0,heldout,3.149362325668335,1
6,347.5697937011719,279.6976623535156,353.60015869140625,303.5701599121094,58.0,heldout,2.673326015472412,1
7,307.9541320800781,281.99078369140625,312.7734680175781,305.9717712402344,62.0,heldout,3.525273084640503,1
8,318.72589111328125,283.9576416015625,323.80633544921875,308.0256652832031,65.0,heldout,3.2674970626831055,1
9,421.1973876953125,286.6755676269531,428.1705322265625,315.0384826660156,95.0,training,2.891964912414551,1
13,165.41053771972656,312.16802978515625,170.9761199951172,343.28546142578125,90.0,training,0.40931588411331177,1
14,365.8264465332031,314.58642578125,372.3925476074219,342.3354187011719,44.0,training,0.435818612575531,1
15,390.8062744140625,322.0104064941406,397.9465026855469,350.8370056152344,49.0,training,1.689327359199524,1
17,286.74407958984375,348.1859436035156,292.79107666015625,376.3045959472656,78.0,heldout,1.8222347497940063,1
18,347.71533203125,348.3415832519531,354.7624816894531,378.166259765625,55.0,heldout,1.0888335704803467,1
20,239.14454650878906,352.10357666015625,244.75184631347656,380.21221923828125,43.0,training,2.8073666095733643,1
21,298.300537109375,354.96966552734375,304.87738037109375,384.0219421386719,53.0,heldout,0.8295906782150269,1
23,240.63600158691406,356.8798522949219,247.32223510742188,384.37884521484375,75.0,heldout,3.3630449771881104,1
25,156.2329864501953,364.74700927734375,163.11581420898438,397.32147216796875,62.0,training,0.5240330696105957,1
26,311.6539001464844,373.2078552246094,318.96136474609375,403.7242736816406,88.0,heldout,0.3670298755168915,1
29,282.2826232910156,390.2957763671875,289.3754577636719,420.9755859375,51.0,heldout,0.5778637528419495,1
30,110.23944091796875,402.0497131347656,118.07255554199219,437.96905517578125,71.0,training,1.8138271570205688,1
31,112.92742156982422,407.9617919921875,119.29497528076172,444.4096374511719,72.0,training,1.7773486375808716,1
32,200.05282592773438,417.06353759765625,207.05227661132812,450.42706298828125,43.0,training,0.2997952997684479,1
34,121.30348205566406,421.5918884277344,128.10337829589844,457.8281555175781,38.0,training,1.2473417520523071,1
35,156.75469970703125,425.0256042480469,163.82469177246094,460.5520935058594,81.0,training,1.036868929862976,1
36,341.40478515625,425.4338073730469,351.02069091796875,459.1407165527344,74.0,training,2.844675064086914,1
37,248.97232055664062,430.1898193359375,256.1297302246094,462.48779296875,76.0,training,0.9313241243362427,1
40,250.88571166992188,435.39288330078125,258.9866943359375,467.2391052246094,63.0,training,1.3921247720718384,1
42,340.8013916015625,440.1641845703125,349.2679138183594,475.0614929199219,44.0,training,3.1086270809173584,1
43,151.2559814453125,442.08331298828125,159.17919921875,478.0330810546875,47.0,training,0.9884746670722961,1
45,199.97828674316406,448.65594482421875,207.8138427734375,483.1409606933594,84.0,training,0.14524464309215546,1
46,76.56582641601562,456.98004150390625,82.36345672607422,492.9676208496094,68.0,training,1.6698226928710938,1
48,108.9277572631836,469.6327209472656,115.78035736083984,505.4696350097656,48.0,training,1.1310174465179443,1
49,283.9120788574219,473.73443603515625,291.5008544921875,506.842529296875,80.0,training,1.1304529905319214,1
50,308.60406494140625,476.2455139160156,317.62762451171875,510.0062561035156,53.0,training,0.4991063177585602,1
51,352.67462158203125,487.4958801269531,361.8765869140625,523.86181640625,28.0,training,3.2706596851348877,1
52,170.93211364746094,490.3403625488281,178.812255859375,527.297607421875,62.0,training,0.6572280526161194,1
53,179.43154907226562,492.0043640136719,187.64361572265625,528.7261352539062,50.0,training,0.4786836504936218,1
54,328.1000061035156,491.9839172363281,337.9593811035156,526.8983764648438,38.0,training,1.5692391395568848,1
55,354.4293212890625,493.0679626464844,364.59466552734375,529.0734252929688,46.0,training,2.9729182720184326,1
56,173.8804931640625,494.991943359375,182.21902465820312,531.6264038085938,51.0,training,0.2536976933479309,1
58,243.499267578125,497.1866149902344,251.15557861328125,531.8367919921875,46.0,training,1.1081490516662598,1
59,281.2943420410156,499.055419921875,289.1722412109375,532.82861328125,57.0,training,1.2880383729934692,1
60,302.9667053222656,500.8189697265625,311.8781433105469,534.9204711914062,81.0,training,0.289441853761673,1
63,240.4473876953125,512.2191772460938,248.92401123046875,547.3014526367188,53.0,training,0.7980394959449768,1
64,324.6481628417969,511.8443908691406,334.2232666015625,546.6223754882812,58.0,training,0.5925975441932678,1
66,316.8619079589844,516.194580078125,325.8899230957031,551.1846923828125,34.0,training,0.37458735704421997,1
67,248.43312072753906,516.8380126953125,256.45806884765625,551.9893798828125,31.0,training,1.0694564580917358,1
68,284.0834655761719,518.1612548828125,292.1392517089844,552.29296875,34.0,training,1.5005600452423096,1
69,259.5886535644531,521.560546875,267.4049987792969,555.8684692382812,34.0,training,1.8809502124786377,1
70,261.56927490234375,526.3800048828125,270.64141845703125,560.2706298828125,69.0,training,2.0343198776245117,1
72,382.23333740234375,546.84033203125,392.07452392578125,584.0319213867188,49.0,training,2.7000958919525146,1
74,168.140869140625,77.4248046875,169.44793701171875,101.18842315673828,52.0,training,1.4153438806533813,1
75,174.36952209472656,125.93171691894531,176.11793518066406,151.0139617919922,67.0,training,1.5905321836471558,1
76,176.62387084960938,134.68260192871094,180.76527404785156,158.7836151123047,64.0,training,1.0618096590042114,1
77,194.6005401611328,140.17153930664062,197.40679931640625,164.10231018066406,86.0,training,1.0924938917160034,1
78,168.83787536621094,142.7690887451172,171.92991638183594,168.19284057617188,78.0,training,0.4118862450122833,1
79,208.10902404785156,153.4614715576172,211.6376495361328,177.39010620117188,67.0,training,1.0231456756591797,1
80,138.9070281982422,162.14588928222656,142.34678649902344,190.88206481933594,74.0,training,2.350651741027832,1
81,141.58644104003906,170.4922332763672,146.73204040527344,198.84829711914062,82.0,training,2.266031265258789,1
82,205.04270935058594,175.67579650878906,208.935302734375,201.6030731201172,70.0,training,0.3131173551082611,1
83,291.8514099121094,180.08030700683594,296.1374816894531,202.30563354492188,70.0,training,2.111625909805298,1
92,309.809326171875,271.1458740234375,314.1985778808594,294.53839111328125,52.0,heldout,3.827172040939331,1
93,312.90069580078125,277.9689025878906,317.8109436035156,301.4395446777344,57.0,heldout,3.769716262817383,1
94,157.48646545410156,279.77056884765625,163.51368713378906,312.4545593261719,67.0,training,2.9597790241241455,1
95,160.7686767578125,287.76629638671875,167.01950073242188,319.3714904785156,66.0,training,1.809939980506897,1
96,129.8490447998047,289.9271240234375,135.50347900390625,323.6615295410156,71.0,training,3.127336263656616,1
98,299.34033203125,295.7004089355469,305.1864318847656,320.3810119628906,42.0,heldout,3.221893787384033,1
99,378.7475280761719,297.8138732910156,385.2061767578125,323.8095397949219,64.0,training,0.5965052247047424,1
100,187.28150939941406,308.740234375,192.9899139404297,337.6314697265625,64.0,training,1.3542691469192505,1
101,189.3423614501953,315.6341247558594,195.39959716796875,344.5500183105469,43.0,training,1.5251147747039795,1
102,218.79727172851562,316.20050048828125,224.90647888183594,342.2831115722656,39.0,training,3.8562629222869873,1
103,156.7946319580078,339.2091064453125,161.33106994628906,372.182861328125,49.0,training,1.9265098571777344,1
104,211.98361206054688,342.1532897949219,217.07289123535156,371.0107421875,53.0,training,2.3796863555908203,1
105,329.37060546875,341.9143981933594,337.6330261230469,370.4139099121094,50.0,heldout,1.3981671333312988,1
107,159.1875,347.07403564453125,166.24484252929688,378.99029541015625,50.0,training,0.9201098680496216,1
108,339.2856750488281,351.9959716796875,345.59112548828125,381.88836669921875,79.0,heldout,1.1897636651992798,1
109,77.63252258300781,354.82037353515625,85.62435913085938,389.5031433105469,82.0,training,2.402606725692749,1
110,145.2649688720703,361.77490234375,151.55868530273438,395.37127685546875,60.0,training,0.9284170866012573,1
111,300.9371337890625,362.1823425292969,307.99334716796875,391.6015319824219,80.0,heldout,0.5697178840637207,1
112,271.2344665527344,364.08782958984375,278.9377746582031,392.6766357421875,49.0,heldout,2.125394582748413,1
114,151.73016357421875,374.98370361328125,157.84657287597656,408.3899230957031,44.0,training,0.5561858415603638,1
115,113.966552734375,375.821044921875,121.4074478149414,411.3430480957031,73.0,training,2.1854569911956787,1
116,143.0288848876953,375.6911315917969,149.491455078125,409.14080810546875,47.0,training,0.29814353585243225,1
120,146.77365112304688,384.55120849609375,153.91921997070312,418.3879699707031,35.0,training,0.7358165979385376,1
121,134.78758239746094,387.19903564453125,140.54638671875,422.17791748046875,40.0,training,1.5361974239349365,1
122,187.51651000976562,387.0952453613281,193.65725708007812,419.46820068359375,68.0,training,0.7675326466560364,1
123,307.1328430175781,386.5596923828125,313.8836364746094,418.2596740722656,66.0,heldout,1.2209712266921997,1
126,355.8659973144531,392.01629638671875,365.6825256347656,424.6061096191406,68.0,heldout,3.3461272716522217,1
127,73.92961120605469,393.4194641113281,80.74697875976562,427.584716796875,68.0,training,0.8917229175567627,1
128,99.13290405273438,394.912109375,105.75818634033203,431.0110778808594,64.0,training,1.5789192914962769,1
129,107.81916809082031,395.9336853027344,114.15431213378906,432.54705810546875,69.0,training,2.213136672973633,1
130,201.22596740722656,396.9246520996094,208.05564880371094,428.9833068847656,48.0,training,0.7873077392578125,1
131,186.37742614746094,405.152099609375,193.8929901123047,437.90618896484375,34.0,training,0.7555784583091736,1
132,267.3375244140625,406.8318786621094,274.94512939453125,438.0956115722656,44.0,training,0.7484289407730103,1
134,177.18475341796875,412.543701171875,183.4509735107422,447.11956787109375,73.0,training,1.1786999702453613,1
135,147.28794860839844,415.4801940917969,154.02508544921875,451.39947509765625,98.0,training,1.5874110460281372,1
136,278.9281311035156,415.8428649902344,285.8418273925781,447.7027282714844,85.0,training,0.7645110487937927,1
137,179.25010681152344,420.3902282714844,187.91883850097656,453.91241455078125,82.0,training,1.5191686153411865,1
139,271.2017822265625,426.094482421875,278.3879089355469,458.3384704589844,74.0,training,0.6339060068130493,1
141,78.68479919433594,429.141357421875,83.87925720214844,464.39453125,53.0,training,1.791504144668579,1
144,81.4215087890625,439.54193115234375,88.50194549560547,474.4957580566406,35.0,training,1.3111748695373535,1
145,355.9292297363281,440.1892395019531,365.3158874511719,475.33697509765625,94.0,training,3.7603137493133545,1
146,267.1011657714844,441.3298034667969,274.9212341308594,473.7266540527344,87.0,training,0.7177265882492065,1
147,263.66900634765625,451.7403259277344,272.4037170410156,483.90869140625,70.0,training,1.4985252618789673,1
148,280.7252197265625,455.528076171875,288.7179870605469,488.2232666015625,87.0,training,0.6578983068466187,1
152,176.47921752929688,471.6059875488281,185.2756805419922,507.9744567871094,76.0,training,1.167799949645996,1
153,333.3703918457031,474.6184997558594,342.0521545410156,510.6189880371094,45.0,training,2.9745757579803467,1
154,173.16107177734375,482.7782287597656,180.913330078125,520.07470703125,55.0,training,1.2653286457061768,1
155,334.3756103515625,482.9260559082031,343.4083251953125,518.5470581054688,56.0,training,2.3570945262908936,1
156,248.46163940429688,486.1856994628906,257.4007263183594,518.7938232421875,47.0,training,2.31349778175354,1
158,342.623291015625,487.0710144042969,352.1316833496094,522.6983032226562,30.0,training,2.4384617805480957,1
159,319.8998107910156,490.2624206542969,329.4530944824219,524.689453125,42.0,training,0.9794813394546509,1
161,335.220703125,493.0252380371094,343.65576171875,528.33984375,85.0,training,1.8061257600784302,1
162,362.7037048339844,494.7955627441406,372.5161437988281,531.1328735351562,83.0,training,3.25028920173645,1
163,248.435791015625,497.9138488769531,255.7030487060547,531.6510620117188,48.0,training,1.9998213052749634,1
164,326.0245056152344,498.3729248046875,335.1495361328125,534.5343017578125,47.0,training,2.253140687942505,1
166,332.28228759765625,501.3099365234375,341.5621337890625,536.226806640625,51.0,training,1.0446850061416626,1
167,217.39398193359375,503.22149658203125,225.73587036132812,538.8767700195312,52.0,training,0.33395126461982727,1
168,348.3138732910156,504.320068359375,358.1955871582031,539.9675903320312,65.0,training,2.058823823928833,1
169,163.6504364013672,506.7777099609375,171.54148864746094,544.16259765625,71.0,training,0.5577576160430908,1
170,304.0185852050781,507.1192932128906,314.62451171875,540.6531982421875,35.0,training,1.9279770851135254,1
171,246.6425323486328,508.9729309082031,255.17042541503906,542.1795043945312,60.0,training,2.427025318145752,1
172,252.30322265625,509.20440673828125,259.6452941894531,544.1052856445312,51.0,training,1.548967719078064,1
173,359.79095458984375,509.2866516113281,368.7870178222656,544.8811645507812,94.0,training,1.9379223585128784,1
174,341.5281066894531,514.3567504882812,351.3357849121094,549.6873779296875,48.0,training,1.29391348361969,1
175,274.6227111816406,517.2947387695312,282.4911193847656,551.1660766601562,27.0,training,1.8924169540405273,1
176,362.4268798828125,516.9423217773438,372.9046630859375,552.0989990234375,59.0,training,1.6717370748519897,1
177,267.0799255371094,518.4874877929688,274.23004150390625,552.6206665039062,48.0,training,2.3084678649902344,1
178,331.49420166015625,517.6865234375,340.390380859375,552.2030029296875,42.0,training,0.3710295259952545,1
179,291.90069580078125,519.3779296875,301.5867919921875,553.1150512695312,38.0,training,1.5588475465774536,1
182,251.26478576660156,522.660400390625,259.792724609375,557.4453735351562,39.0,training,1.2641786336898804,1
183,311.9588928222656,523.1282348632812,320.88116455078125,557.766357421875,25.0,training,0.4405839741230011,1
184,321.5616455078125,523.07080078125,331.7462463378906,556.9801025390625,45.0,training,1.2552680969238281,1
185,254.1151885986328,529.0693359375,263.6209411621094,563.7119750976562,53.0,training,1.5710939168930054,1
186,334.91119384765625,528.9835205078125,344.6673889160156,563.3170776367188,40.0,training,0.5231987833976746,1
187,268.9012145996094,530.7136840820312,277.19647216796875,565.5576171875,30.0,training,1.3708189725875854,1
189,272.2487487792969,538.380859375,282.0088195800781,572.6011962890625,36.0,training,1.9728187322616577,1
190,246.04212951660156,548.482666015625,253.92625427246094,584.5328979492188,82.0,training,1.6065404415130615,1
191,360.6507873535156,553.6897583007812,371.12652587890625,588.770751953125,40.0,training,0.5942495465278625,1
192,173.44277954101562,125.73428344726562,175.59693908691406,150.67636108398438,57.0,training,1.1520240306854248,1
195,135.3505401611328,237.26126098632812,140.0568084716797,269.5321044921875,63.0,training,3.419039249420166,1
197,136.7394561767578,247.64454650878906,143.00547790527344,279.4131164550781,55.0,training,3.037696599960327,1
198,328.0954284667969,256.7015380859375,332.75872802734375,279.2664489746094,55.0,heldout,3.744770050048828,1
199,157.1024932861328,278.0726318359375,161.73162841796875,310.4779968261719,70.0,training,2.6840152740478516,1
200,161.23475646972656,288.23858642578125,167.297119140625,319.6273193359375,73.0,training,1.5194804668426514,1
201,216.04562377929688,306.897705078125,220.57815551757812,333.862060546875,42.0,training,3.0401268005371094,1
202,363.4937744140625,306.6912841796875,369.98773193359375,333.775390625,78.0,training,0.12296529859304428,1
203,304.1176452636719,316.18402099609375,308.9185485839844,343.234130859375,45.0,heldout,2.1641013622283936,1
204,156.39891052246094,338.50128173828125,160.85818481445312,371.4367980957031,56.0,training,1.963809609413147,1
205,330.16619873046875,341.53338623046875,337.9194641113281,370.3004150390625,83.0,heldout,0.8477731943130493,1
206,158.83460998535156,347.65240478515625,166.5203094482422,379.1834411621094,71.0,training,1.6061208248138428,1
207,313.6245422363281,360.71868896484375,320.76348876953125,390.88311767578125,68.0,heldout,0.4458744525909424,1
208,144.6648712158203,361.6440124511719,150.98301696777344,395.1038513183594,67.0,training,0.7873925566673279,1
209,243.99989318847656,366.3985290527344,248.95681762695312,395.9402770996094,60.0,heldout,2.4292423725128174,1
210,230.96560668945312,371.14337158203125,236.96238708496094,400.8646545410156,67.0,training,1.9438396692276,1
212,352.08392333984375,383.65447998046875,359.4623107910156,417.4368591308594,75.0,heldout,3.9961893558502197,1
213,134.46298217773438,386.5811767578125,140.33522033691406,421.5779724121094,68.0,training,1.5049896240234375,1
217,137.63771057128906,397.22528076171875,145.82571411132812,430.70526123046875,62.0,training,1.5565025806427002,1
218,176.95071411132812,412.08697509765625,183.360107421875,446.84161376953125,62.0,training,1.230292797088623,1
219,204.6034698486328,417.03955078125,210.8290557861328,450.46783447265625,70.0,training,1.0678799152374268,1
220,180.023681640625,421.49383544921875,188.78610229492188,455.0927429199219,85.0,training,1.577298879623413,1
221,208.5785675048828,427.988525390625,216.36590576171875,460.679443359375,64.0,training,1.0539090633392334,1
223,193.74172973632812,450.48016357421875,200.91921997070312,486.2381591796875,68.0,training,1.201672911643982,1
224,264.733642578125,451.6949157714844,272.7915954589844,484.148681640625,76.0,training,1.0258411169052124,1
226,199.68862915039062,461.7539978027344,208.53443908691406,496.3683166503906,47.0,training,1.0300273895263672,1
227,234.26913452148438,470.5364074707031,241.64869689941406,504.406494140625,68.0,training,1.069076657295227,1
228,161.11972045898438,480.64813232421875,168.3042449951172,517.5906982421875,85.0,training,1.0501855611801147,1
229,237.3446044921875,480.87841796875,245.49563598632812,514.7108764648438,41.0,training,1.065972089767456,1
230,146.19189453125,486.9681396484375,154.1508331298828,523.6001586914062,77.0,training,0.03530975058674812,1
231,259.8752136230469,489.5560302734375,267.32183837890625,522.0949096679688,67.0,training,2.4854896068573,1
233,162.9734649658203,492.826171875,171.39501953125,530.1420288085938,78.0,training,0.8261814713478088,1
234,247.59857177734375,497.6276550292969,254.7059326171875,531.6112670898438,39.0,training,1.938124656677246,1
235,330.8558654785156,498.542236328125,340.0873107910156,532.9901123046875,59.0,training,0.6548389792442322,1
236,349.94952392578125,504.0323791503906,359.7106628417969,539.833984375,43.0,training,2.2024641036987305,1
237,250.68392944335938,509.3151550292969,257.92535400390625,543.1546020507812,58.0,training,2.2924580574035645,1
239,268.1278991699219,518.3071899414062,275.1998291015625,552.7487182617188,31.0,training,2.1859726905822754,1
240,273.43780517578125,517.6190795898438,282.0932922363281,551.5035400390625,24.0,training,1.5861676931381226,1
241,292.1395568847656,520.8313598632812,300.75640869140625,555.17822265625,28.0,training,0.9993974566459656,1
242,270.0647277832031,528.5560302734375,278.7380065917969,563.10205078125,26.0,training,1.3695175647735596,1
243,325.5935363769531,533.7317504882812,334.34405517578125,568.5512084960938,51.0,training,0.7306036353111267,1
246,360.02484130859375,554.975341796875,371.5591125488281,589.3132934570312,42.0,training,1.822986364364624,1
247,401.4721984863281,571.18115234375,411.86669921875,609.6588134765625,47.0,training,3.540248155593872,1
250,114.4254150390625,379.4096374511719,122.61144256591797,413.9659729003906,64.0,training,2.0007753372192383,1
251,227.4803466796875,393.772216796875,236.54212951660156,424.0840759277344,35.0,training,2.774548292160034,1
252,181.29994201660156,424.29229736328125,189.5406494140625,458.2072448730469,66.0,training,0.9745543599128723,1
253,207.61871337890625,429.85284423828125,216.0084686279297,462.1083984375,65.0,training,1.7660822868347168,1
254,237.77914428710938,485.1805114746094,247.5819091796875,517.660888671875,44.0,training,2.9167850017547607,1
256,262.41534423828125,500.9058532714844,270.0376281738281,535.33056640625,53.0,training,1.2643826007843018,1
257,322.6369934082031,536.0347290039062,331.69110107421875,570.6397705078125,36.0,training,0.700979471206665,1
