match_id,tmc_x_5m,tmc_y_5m,ohrc_x_5m,ohrc_y_5m
2,23.23033,299.01508,30.987679,310.3417
3,27.546154,303.54672,35.460964,314.08075
4,28.708796,288.53162,37.168884,299.6367
6,32.498447,288.5959,40.590733,299.4353
7,33.518852,326.83975,41.09899,337.02628
8,35.553425,310.34897,43.02912,320.0519
9,36.89893,313.2745,44.1041,323.96008
10,37.08365,255.0243,44.653397,264.9947
11,37.56823,224.89737,45.46628,235.14133
12,40.056034,264.0912,46.91011,274.2496
13,40.80972,325.88898,48.06227,335.58
14,40.80972,325.88898,48.06227,335.58
15,42.597733,280.39252,49.485664,290.87823
16,42.463505,307.16663,49.636616,316.421
17,43.52317,345.36435,50.443935,354.79953
18,44.424114,310.30576,50.74842,319.85245
19,44.424114,310.30576,50.74842,319.85245
20,43.64481,353.64172,51.27626,362.94315
21,44.025463,217.7134,52.08705,227.82457
22,44.6895,280.3063,52.39468,289.9769
23,44.6895,280.3063,52.39468,289.9769
24,45.84493,257.04214,52.71082,266.80945
25,45.60114,220.32458,53.10044,230.58504
26,45.530315,264.305,53.105595,273.93558
27,48.037777,374.18488,54.09353,383.55673
28,47.56363,308.14325,54.52479,317.36874
29,48.57769,202.27235,55.989063,212.80424
30,48.992523,317.7676,56.060295,326.853
31,49.1662,223.04176,56.561607,233.0683
32,48.89672,271.51947,56.60088,281.0909
33,49.291153,217.10892,56.919876,227.21957
34,50.065685,265.78857,57.238506,275.37463
35,51.20004,338.30273,57.24801,347.45895
36,51.265945,322.98944,57.848095,331.9873
37,53.181458,313.2535,59.33827,322.48578
38,53.652172,298.0407,60.463615,306.53183
39,53.652172,298.0407,60.463615,306.53183
41,54.588867,318.49667,61.131832,327.82324
42,54.74657,237.06262,63.08117,245.73486
44,58.44325,292.04214,65.02418,300.4553
45,58.583996,266.45938,65.589554,274.91455
46,60.01803,361.07324,66.09733,369.28796
47,61.15966,377.78983,67.10901,386.28473
48,59.630524,206.85397,68.08955,216.35762
51,62.28986,240.7984,69.72137,249.92982
52,63.73889,278.307,70.40771,285.72296
54,65.28615,364.86932,70.72616,373.58862
57,66.05234,305.0112,72.10271,313.29724
58,66.46535,292.29004,72.31124,300.3077
59,66.922905,284.11557,72.64399,292.01062
62,67.89994,375.85553,73.341064,384.30533
63,69.11526,386.0544,74.38387,393.67532
64,68.359825,326.06464,74.63959,333.76758
65,67.54388,203.26227,74.64241,212.76537
66,69.01388,370.4716,74.87043,378.20706
67,69.14457,330.21008,75.261894,337.97964
68,69.69528,352.57324,75.704124,360.59247
69,70.55245,289.16077,76.58728,296.83206
70,70.11943,213.33328,76.86212,222.4815
72,72.91692,332.8884,79.525894,339.42746
73,73.73553,313.01306,79.57881,321.14478
74,76.55229,359.95856,81.73074,367.48148
77,77.48604,325.15262,83.24591,332.41864
78,78.15525,256.67297,83.33274,264.66718
79,79.91592,361.40094,85.266785,368.37753
80,79.98732,345.3195,85.42973,352.38303
82,82.864815,287.82794,88.48881,295.21838
83,83.03968,286.49286,88.92196,293.58237
84,83.61812,325.0443,88.98293,332.26593
86,84.82334,366.50842,89.65063,373.0796
87,84.345825,192.75569,90.59548,202.26764
88,84.345825,192.75569,90.59548,202.26764
92,87.48987,362.52026,92.96604,368.92197
95,89.25746,406.4954,94.18422,411.97485
96,89.05725,231.67334,94.2488,239.58302
98,89.51328,329.46298,94.41348,336.35852
99,90.10787,367.69162,95.026794,373.89368
100,90.9099,364.34088,95.81026,371.01474
101,90.824974,336.98053,95.91135,343.58813
102,91.362,376.9264,96.258766,382.9431
103,90.48093,313.62714,96.534744,320.78748
104,91.88156,347.9699,96.71493,354.53662
105,92.466225,369.78683,97.29939,375.86795
106,91.90516,317.70847,97.4473,324.60727
107,92.18174,287.96713,97.880066,294.91034
108,92.54779,280.80954,98.2195,287.8186
109,92.84822,265.9991,98.45953,273.36526
111,94.07484,343.33234,99.27171,349.46735
112,93.72857,235.76538,99.67953,243.51314
113,94.907776,334.98212,99.76642,341.3811
115,95.80875,407.20175,100.65624,412.013
116,96.353836,346.28387,101.26431,352.51355
118,96.98564,311.33517,102.59273,318.00574
119,98.734695,341.45883,103.472336,347.56314
121,96.019295,196.47224,103.686104,204.6853
122,98.253654,288.0439,103.757324,295.09943
123,101.226746,405.3286,105.13972,410.3782
124,100.55934,318.90195,105.18621,326.11536
131,100.70068,240.99123,106.53526,248.5423
132,102.849045,352.1149,107.86463,358.02243
133,103.04157,205.21432,108.40922,214.37347
135,104.35317,256.9642,109.32461,264.81427
136,105.03107,288.23987,110.124405,295.0616
137,105.45172,358.1585,110.17842,363.4405
138,106.33291,371.45728,110.85605,376.65564
141,105.797005,266.22375,111.50191,273.87085
142,106.34038,303.62714,111.52069,310.07227
143,106.34038,303.62714,111.52069,310.07227
145,109.16592,406.72037,112.52613,411.22906
147,109.03634,276.32242,114.744095,282.87543
149,110.143906,257.7031,116.05588,265.15897
151,112.25195,425.59286,117.67274,428.31314
152,113.878685,301.46893,118.898125,307.53668
154,115.633675,373.28342,119.611084,377.9848
155,116.24667,332.6347,120.31519,338.09262
156,113.645546,75.03485,120.72374,84.31083
157,117.201805,366.1171,121.011215,371.61725
158,118.367645,338.19046,121.95339,343.4825
159,115.09681,53.117237,122.20195,62.5382
160,116.997375,282.74448,122.741646,289.1024
161,118.9934,375.82703,122.78403,380.24863
162,117.79095,196.83054,123.03752,205.05687
163,116.61549,67.44838,123.59779,76.3537
164,116.46872,55.86715,123.60064,64.968636
165,118.44935,116.45352,125.21446,126.02771
166,116.92642,151.92549,125.59558,160.4334
167,121.474014,344.43494,125.61326,349.36163
168,122.51375,289.4342,126.57735,296.1598
169,122.18113,303.45166,126.993454,309.18665
170,122.18113,303.45166,126.993454,309.18665
171,121.975746,278.85608,127.32552,285.49353
172,121.975746,278.85608,127.32552,285.49353
173,124.660934,388.06894,127.9455,391.84998
174,123.34792,322.68707,128.28696,328.0124
175,124.80788,412.46335,128.50932,415.74506
176,121.7178,57.08871,128.64304,66.094444
177,123.42701,249.64583,128.754,257.05167
178,126.81214,433.11578,129.33531,436.55368
179,125.128716,306.49576,129.6581,311.9315
180,125.17756,281.79636,130.15128,288.3543
181,123.86826,38.999912,130.4848,48.27919
182,127.77729,382.34763,131.43681,385.84332
183,125.853714,142.6442,131.64722,151.98344
184,126.69025,256.0007,132.12218,263.5055
185,126.068985,51.646595,132.45284,60.954746
186,130.63426,443.8966,133.26328,446.88095
187,130.808,448.59128,133.32718,451.57953
188,129.15906,291.85553,133.57716,298.16
189,130.00288,357.68335,133.83156,361.66788
190,130.68741,395.2626,134.0456,398.606
191,131.02026,333.13043,134.09468,338.06897
192,129.11182,124.65321,135.64522,133.91151
193,131.43405,240.58534,136.34566,248.12196
194,132.6166,178.49551,136.70073,187.66887
195,134.64388,419.11978,136.9116,422.184
196,132.2349,283.985,137.2089,290.15295
197,134.31013,309.9098,138.17664,315.65707
198,136.46455,424.84106,139.25423,427.30563
199,134.54105,219.38876,140.49603,227.06433
200,136.30952,266.3248,141.138,273.13397
201,134.81723,117.57451,141.5619,126.8083
202,140.81909,449.12054,143.56714,451.133
203,140.85759,388.174,143.86761,391.1721
204,140.19745,301.00842,144.54199,306.682
205,138.61607,102.63471,144.97035,111.35675
206,138.65611,145.96033,145.2457,154.5286
207,141.81914,318.9303,145.2922,323.99423
208,142.65016,369.97714,145.92883,373.06195
209,139.87155,43.324413,146.24274,52.289032
210,143.7074,409.5072,146.2947,412.06702
211,141.98706,280.25702,146.62086,286.25784
212,142.83739,304.48056,146.62276,310.10092
213,141.87961,261.9941,146.9551,268.64276
214,140.9509,94.50447,147.23567,103.01059
215,144.47284,372.45984,147.28671,375.52234
216,141.28418,105.7611,148.44548,113.91469
217,145.00291,342.07303,148.5358,345.99045
218,145.07631,271.3719,149.27324,277.85983
219,146.29561,344.66486,149.32408,348.54532
220,143.06021,65.88377,149.6106,74.04914
221,145.0704,168.04523,149.7217,176.4091
222,148.35583,390.60037,150.54225,393.2974
223,146.31303,255.18132,151.39243,261.86926
224,149.55745,417.2765,152.24033,419.3343
225,150.00563,395.49915,152.45105,397.9442
226,148.04448,260.65573,152.46646,267.42673
227,149.19678,340.91476,152.49257,344.77936
228,148.98036,265.81232,152.82426,272.54788
229,147.53047,108.65963,153.80367,117.19531
230,152.71837,454.09363,154.4316,455.8815
231,151.8664,373.1036,155.16718,375.75116
232,153.6948,432.67917,155.2241,434.82184
233,152.44473,294.4973,156.3971,299.95096
234,151.72168,199.59027,156.94438,207.73378
235,153.41136,302.40598,157.53697,307.66843
236,154.76988,376.09305,157.58806,378.43213
237,152.68176,72.57276,158.29594,81.477066
238,155.20822,322.44754,158.6139,326.90253
239,155.18686,284.55084,159.16983,290.42297
240,154.5124,273.27386,159.29988,279.0091
241,152.69376,139.8528,159.61462,148.08197
242,155.14229,300.06384,159.73288,304.93127
243,154.47038,136.98962,159.77321,145.07526
244,158.15784,354.41965,161.4759,357.03046
245,158.25577,315.25504,161.51273,320.17496
246,159.67442,418.0829,161.6267,419.9463
247,157.33432,253.68452,161.95508,260.61627
248,157.56213,190.94588,162.42001,198.73563
249,157.8592,161.56181,162.98122,169.56088
250,160.66365,356.80502,163.56291,359.5843
251,158.59036,194.89218,163.9559,202.5785
252,159.41159,246.50943,164.00516,253.8514
253,162.03748,375.34293,164.32791,377.7142
254,160.9376,329.0147,164.58386,332.6458
255,161.28763,421.46292,164.59459,422.44565
256,160.30844,274.09174,164.69423,279.9725
257,160.34236,259.5055,164.94577,266.0913
258,161.90765,339.17255,164.97444,342.5539
259,160.59425,266.3525,165.03326,272.4697
260,159.21657,58.01186,165.22755,66.38478
261,163.06992,379.25385,165.88452,381.0079
262,162.39482,288.02274,165.951,293.5747
263,160.47316,62.53138,166.09016,71.554375
264,165.13774,424.99173,166.472,425.87253
265,164.73877,440.43787,166.86955,441.6282
266,164.73877,440.43787,166.86955,441.6282
267,159.67235,31.471434,167.06987,40.994335
268,162.80925,183.39464,167.7265,191.24455
269,162.39919,68.034035,168.05853,76.71611
270,166.17522,363.97168,168.07065,366.7566
271,164.45732,309.68878,168.16516,314.49814
272,163.649,155.48427,168.32257,163.16678
273,167.22845,409.49316,168.64532,411.46255
274,163.66452,94.35875,168.64966,102.98465
275,165.70285,383.88947,168.74248,385.4465
276,164.53079,233.30527,168.81796,240.73795
277,164.68106,97.54834,169.96002,105.960594
278,169.04585,463.5423,170.58829,464.65015
279,167.85172,313.87363,171.13625,318.3836
280,168.51897,361.48666,171.28732,363.77777
281,168.15253,264.9679,172.34792,271.34946
282,167.11227,69.57325,173.13432,77.960884
283,168.91643,206.67964,173.16249,214.26305
284,168.7301,166.09862,173.48665,173.79752
285,168.55139,72.159424,174.00697,80.58785
286,171.02885,332.68494,174.66255,336.09293
287,170.08102,234.02408,174.9431,241.45427
288,173.86588,438.75543,175.70267,439.33173
289,172.97966,328.1844,176.01437,331.9728
290,170.88683,112.27535,176.58983,119.87927
291,170.56769,120.61448,176.74141,128.2376
292,170.56769,120.61448,176.74141,128.2376
293,173.3859,146.82277,177.47453,154.07031
294,176.52814,410.88055,177.99133,411.81284
295,175.74908,341.05093,178.67253,344.2026
296,175.27869,295.6943,178.86751,300.55365
297,174.49796,272.19876,178.90689,277.38516
298,176.01257,215.6773,180.50247,223.11832
299,179.54453,417.11148,180.78403,417.8097
300,176.65111,257.168,180.81622,263.53824
301,179.48587,388.66095,181.51746,389.99652
302,179.26324,351.56097,181.66788,353.95163
303,177.6163,231.92662,182.25943,239.21083
304,181.88647,326.50024,184.5425,330.03598
305,182.40201,317.5987,185.38354,321.83337
306,180.92046,190.09192,185.96654,197.34273
307,182.84152,293.88013,186.26584,298.8276
308,182.84152,293.88013,186.26584,298.8276
309,183.93861,321.99088,186.8756,325.72186
310,183.18066,260.81534,187.1869,267.0892
311,184.99542,343.0718,187.68407,346.18326
312,187.1587,446.5184,188.50743,447.14856
313,189.15556,443.03394,189.31857,443.39722
314,184.7773,144.23999,189.6893,151.13754
315,188.34998,392.9377,189.85454,393.85593
316,184.79793,98.25209,189.95941,105.79783
317,187.67351,371.91034,190.18085,373.32416
318,186.32915,75.129326,191.38998,83.170616
319,188.07484,187.3562,192.46245,193.94865
320,188.98296,271.60452,192.65337,277.1019
321,188.19066,79.53213,192.89607,87.257065
322,189.20787,239.25243,193.43721,245.73639
323,189.91275,254.38417,193.6311,260.92828
324,191.03735,265.10922,194.25699,271.1934
325,189.59705,71.51014,194.69121,79.65886
326,193.18002,357.17215,195.13834,359.31546
327,191.85463,277.22205,195.16171,282.43634
328,192.95201,344.17972,195.30687,346.7354
329,190.1125,181.13857,195.50226,187.42195
330,192.78557,281.69592,196.1413,286.71606
331,192.09044,208.79994,196.55327,215.81873
332,195.14644,374.23975,197.29173,375.3612
333,195.02473,285.5871,198.0208,290.64053
334,195.2282,303.99744,198.8254,308.06577
335,196.76155,412.2388,198.86847,412.205
336,197.89157,378.83353,199.10614,379.92734
337,196.64537,323.96298,199.41685,327.16748
338,195.25775,249.0752,199.5139,255.15054
339,197.3726,308.58417,200.09756,312.53348
340,196.90552,251.94762,200.55101,257.93338
341,195.79759,152.15576,200.89397,158.71147
342,199.08014,293.05148,201.88283,297.13318
343,197.90211,241.40556,201.97339,247.53552
344,199.70337,289.92755,202.53477,294.42236
345,198.94678,176.2314,202.79927,182.6772
346,198.89616,154.49031,203.04897,161.26447
347,199.33708,167.67856,203.35469,174.37885
348,201.64813,346.991,203.52461,349.51202
349,200.76369,283.6223,203.7591,288.16156
350,200.23767,244.52814,203.84877,250.34634
351,201.07553,264.57632,204.48845,270.04825
352,200.65631,229.98997,204.50656,236.17572
353,201.80269,287.06842,204.5986,291.26123
354,201.162,157.75034,204.98683,164.71748
355,202.63368,302.20016,205.43687,305.53415
356,205.97597,415.8674,206.3339,415.7037
357,201.43521,76.6246,206.71368,84.14601
358,204.50316,282.2721,207.14494,286.52567
359,203.6343,169.59932,207.76573,175.97984
360,203.2324,79.916306,207.89206,87.46015
361,205.91199,335.0448,208.08253,337.97964
362,206.42198,352.90216,208.2234,355.1096
363,208.00429,406.9792,208.81094,407.15323
364,210.04997,433.81732,210.01166,433.495
365,210.04997,433.81732,210.01166,433.495
366,206.84846,234.87772,210.53215,240.87743
367,209.24953,347.87082,210.66698,350.52487
368,206.38516,207.8392,211.1345,213.88345
369,207.5789,273.27753,211.18304,277.9914
370,211.04793,404.528,211.74191,404.53162
371,211.04793,404.528,211.74191,404.53162
372,209.03171,340.678,211.75322,343.17328
373,210.46747,351.67676,212.4047,353.88763
374,209.56804,255.92986,213.371,260.99777
375,209.56804,255.92986,213.371,260.99777
376,212.7999,440.3081,213.79391,438.92392
377,211.06253,261.0269,213.86395,266.1917
378,213.80618,388.89682,214.70883,389.39346
379,211.06927,226.37218,214.93529,232.38722
380,212.85332,219.27657,215.03625,225.77835
381,212.85608,229.65627,216.3679,235.33546
382,213.6099,201.6345,217.44989,207.50706
383,214.05377,141.1676,218.85223,147.31902
384,215.96826,256.6936,218.92621,261.5224
385,217.19696,362.53555,219.16199,364.30914
386,216.35469,236.27716,219.35968,242.01689
387,220.09529,367.40073,220.9315,369.1693
388,217.64989,247.14966,221.03802,252.33014
389,219.19427,280.3308,221.52733,284.42432
390,218.51553,239.74057,221.65274,245.11075
391,221.06844,402.1393,221.88115,401.9924
392,219.15898,259.59268,222.00108,264.1768
393,218.38116,145.59837,222.38524,152.00722
394,221.5635,420.9598,222.40503,420.44894
395,219.07057,156.42532,223.10553,162.61366
396,220.01036,159.79382,223.98456,165.589
397,221.74185,271.83212,224.36357,275.69675
398,220.49419,80.57516,224.83315,87.85222
399,224.3901,346.66388,226.48546,348.8908
400,225.0804,382.16907,226.519,382.9145
401,226.76059,431.4625,226.71793,430.39908
402,226.0908,349.93845,227.61737,352.2172
403,224.91447,243.13043,227.94484,248.22417
404,229.0003,435.26495,228.56181,434.9579
405,226.70175,259.46133,229.35948,263.81906
406,228.37169,372.66336,229.54233,373.80286
407,227.71976,187.8077,229.75629,194.03883
408,228.51819,247.4912,230.91444,252.66287
409,229.03432,191.50171,231.82863,197.10443
410,229.9228,152.69826,233.4772,158.69846
411,229.9228,152.69826,233.4772,158.69846
412,232.83533,396.8996,233.57938,396.7879
413,231.8105,232.48677,234.04889,237.95168
414,234.07391,371.06778,235.32939,372.32257
415,234.06209,343.43732,235.4352,345.93872
417,235.30785,423.28458,235.81656,421.6409
418,233.42572,157.3363,237.36716,162.975
419,236.36507,357.21637,237.4581,359.06
421,235.6962,271.94464,238.15588,275.4553
423,239.24219,185.14502,241.2802,190.81982
425,241.9329,411.30392,242.8292,410.79443
429,240.2819,97.69713,244.00128,104.18596
431,241.5876,174.50989,244.99686,179.48053
433,241.1672,105.2356,245.41315,110.59403
439,246.11195,93.70067,249.55153,100.02282
443,247.93605,170.00151,250.62674,175.12704
445,248.38452,143.41226,251.51721,148.9654
449,249.91766,145.99286,252.8514,151.32309
458,258.36832,126.845406,261.33795,132.3366
459,259.6484,119.46672,262.07788,124.994354
460,259.92822,172.60718,262.3899,177.23376
462,261.0252,110.70439,265.37482,115.27351
466,265.10953,167.36693,267.49063,171.68237
468,267.65417,107.69694,270.4235,113.23235
470,271.92578,423.43997,272.06635,421.58237
471,269.6902,135.36382,272.44354,140.15916
473,269.6338,153.88448,273.32623,158.38559
474,274.9681,548.1479,273.72772,546.38074
476,274.90817,413.26978,274.84482,412.1102
478,274.853,162.58148,276.20972,167.32216
479,276.82632,466.0465,276.3896,463.9597
480,278.77023,570.3626,277.49225,567.83984
482,278.2896,96.82178,280.99112,102.10118
484,283.3392,432.73062,282.92972,430.76212
486,284.80524,563.06226,283.09232,560.3789
488,280.9203,137.03706,283.7773,142.0115
490,281.9101,150.00905,284.5227,154.48753
493,283.7106,172.17459,285.57486,176.60532
496,283.29877,105.501205,285.9213,110.372986
497,285.0663,143.11214,286.33936,148.20589
500,288.90518,533.4183,288.28864,530.9143
501,288.90518,533.4183,288.28864,530.9143
502,289.3452,551.68097,288.31027,548.6612
503,289.3452,551.68097,288.31027,548.6612
504,287.35464,159.2162,289.42874,163.5954
506,289.8524,123.9122,291.8261,128.40344
507,290.47864,111.55419,292.0329,116.56363
508,293.98743,447.152,293.01236,444.7951
509,291.45956,151.78227,293.73004,156.16586
510,296.69125,585.28577,294.53296,581.28674
515,298.44305,531.2499,297.37616,528.46625
517,299.97037,557.46655,298.40945,553.66626
518,300.2103,526.423,299.01492,523.65375
519,300.7084,561.8303,299.40442,557.62634
520,301.5014,536.0893,300.13043,533.13916
521,298.55978,110.399086,300.39923,114.481186
522,303.1316,579.3208,301.01355,575.04156
523,303.93863,563.51465,301.18372,560.3695
524,303.36942,540.84753,301.9153,537.38586
526,303.6464,531.5141,302.22525,528.4678
529,305.59592,558.9392,304.37726,554.40704
531,303.03836,120.7317,305.41965,124.66416
532,307.58856,583.6213,305.4678,578.6916
533,302.8234,109.86363,305.68427,113.435646
535,304.45145,123.66873,306.25818,127.595665
538,309.06854,448.79907,307.3739,446.93134
539,305.3145,156.10092,307.3938,160.38326
540,311.14664,572.48785,308.91766,568.0387
541,307.16238,147.1109,309.06976,151.01273
544,308.60538,122.846436,310.4239,127.0677
546,310.07794,174.77107,311.52457,178.8051
547,314.55753,589.15485,312.20563,583.73486
549,314.5782,571.77594,312.5579,566.9571
550,313.68475,440.0049,312.67175,438.2881
551,315.54163,538.2767,313.22604,535.15625
552,316.10782,591.47504,313.82132,586.45544
553,312.5377,177.59755,314.12524,181.82692
554,316.07288,522.59985,314.70587,519.3934
555,319.60837,555.4459,317.7858,550.52856
556,320.96246,600.2842,318.99246,593.96
557,321.16083,559.1455,319.14487,554.0098
560,322.98312,525.96075,321.31537,522.2477
561,319.92252,183.07217,321.46854,186.56595
562,321.92014,189.07024,323.46274,192.90414
563,325.154,540.04065,323.54794,535.5165
564,325.18448,463.1875,323.79886,460.31696
565,327.06918,580.93256,324.05533,575.36194
566,325.9075,406.0779,324.50485,405.16068
567,325.95865,599.5006,324.60513,593.6308
568,326.82413,448.04053,325.3744,445.6533
569,327.25403,421.61838,326.46207,419.81934
570,329.5134,586.49817,326.5971,580.9657
571,325.05426,147.4814,326.76746,150.99242
572,330.2234,533.9374,328.2251,529.82623
573,330.81186,551.3199,328.94348,546.3071
576,327.42694,139.80243,329.8324,143.36803
577,329.61383,179.80167,331.15128,183.86293
578,333.62152,540.33997,331.2728,535.86334
579,333.14664,564.9627,331.41592,559.1695
580,333.14664,564.9627,331.41592,559.1695
584,335.63464,526.40186,333.16266,522.5724
586,335.90915,504.1768,333.9339,501.03842
587,336.08878,515.0804,334.20468,511.57297
588,336.6571,551.9486,334.68314,546.6281
589,337.5392,574.2681,334.7894,568.721
592,338.32077,543.5715,336.22916,538.47565
593,338.20126,517.1804,336.41144,513.5097
594,339.58353,595.009,336.50473,589.1866
595,339.42538,523.84564,337.24155,519.9679
596,336.22003,152.52184,337.65933,156.00188
597,340.2835,556.1008,337.72464,550.32855
598,338.41678,171.59903,338.127,175.89664
599,341.17734,611.07794,338.51562,604.49805
601,341.87115,596.92065,339.14764,590.6291
602,342.22275,605.79834,339.5073,599.008
603,341.59567,454.64447,340.64737,451.6602
604,343.5087,542.98285,340.68222,538.4342
607,343.51898,568.2921,341.2041,562.50287
608,344.20163,533.3148,341.8158,528.9917
609,345.39233,580.71735,342.00247,575.17426
610,344.37546,546.61725,342.15726,541.50793
611,344.37546,546.61725,342.15726,541.50793
612,345.10275,549.5627,342.33322,544.5775
613,341.3184,166.93033,342.49158,170.61589
614,345.89023,576.20087,342.74393,570.7105
615,346.61368,596.38025,343.81308,590.2414
616,346.29993,536.87286,343.9945,532.28485
618,344.91644,448.80743,344.0953,445.49985
619,346.67993,478.88986,344.39584,476.01288
620,346.11105,497.77115,344.66718,493.92004
621,347.58948,600.24854,344.66745,593.8084
623,347.29022,562.99286,345.10022,557.35046
624,347.29022,562.99286,345.10022,557.35046
626,348.35162,454.05804,346.7833,451.43823
631,351.91324,519.88873,349.3858,515.8957
632,353.8343,569.4575,349.83932,564.0415
634,353.0297,549.54675,350.94604,543.9953
635,356.9877,582.8975,353.70752,577.02765
636,354.6197,155.12198,355.49286,158.54543
637,359.2705,496.7178,355.67636,493.42844
638,359.25336,614.1033,355.97583,607.694
639,359.45746,598.8897,356.0636,592.70355
640,358.87708,508.78885,356.42343,505.41336
641,362.51715,519.71716,357.15295,516.3468
645,356.83453,146.97939,358.08572,150.44733
646,360.47882,548.73395,358.17932,543.312
647,361.0591,538.0477,358.30734,533.38983
648,360.91226,486.39767,358.7761,483.1079
649,361.10138,306.3283,360.90326,309.12766
650,360.23737,380.92593,361.47968,378.92365
651,363.48022,502.8191,361.69595,499.19308
652,363.72314,389.01624,362.19452,388.09607
653,363.1539,309.48804,362.31863,312.37683
654,360.5808,160.57643,362.43536,163.26405
655,361.506,132.70654,362.44614,135.36157
656,367.08694,625.8281,363.43512,619.1381
657,367.28357,533.9311,364.7216,529.29614
658,367.44836,486.64102,365.1336,483.53357
659,364.5874,240.76134,365.3908,244.12973
660,366.36044,298.68222,366.21585,301.69885
661,369.29315,526.83704,366.8578,522.63684
662,369.4965,500.84723,367.06345,497.574
663,370.74173,518.1502,368.0044,514.05597
664,370.74173,518.1502,368.0044,514.05597
665,370.37613,504.19672,368.47025,500.48178
666,367.78253,169.09425,368.61774,171.23071
667,368.7407,217.46417,368.68185,221.0095
668,371.0676,442.94394,369.2366,440.84866
669,369.1558,231.7037,369.45526,235.19655
670,371.48218,437.3373,370.08176,435.35538
671,369.89764,289.866,370.23883,292.66522
672,372.27994,478.39175,370.28925,475.31494
673,372.72562,523.40216,370.41934,518.81384
674,370.03296,267.4698,370.6509,269.95923
675,371.97363,367.6022,370.81558,367.14783
676,371.92792,379.41852,370.8595,378.4555
677,373.9934,532.1296,371.35196,527.19135
678,372.56973,381.1993,371.49594,380.15897
679,374.38412,571.8832,371.85828,565.60925
680,374.89795,496.43066,372.8108,492.53622
681,372.94577,237.71634,373.2411,241.07918
682,375.4558,480.58813,373.4946,476.94104
683,374.04193,331.03064,373.5615,333.54868
684,375.80392,490.2655,373.81915,486.21533
685,374.1603,263.681,374.39816,266.80347
686,376.08875,401.26978,375.09283,399.50995
687,377.22034,499.3355,375.1717,495.32953
688,376.26904,349.03705,375.27707,349.73343
689,377.91208,460.13644,375.86945,457.4225
690,379.71494,494.89996,377.49194,491.0494
691,379.91846,504.06116,377.75613,499.8255
692,379.72882,463.04236,377.90518,460.02637
693,377.9245,262.0938,377.93784,264.77536
694,382.0428,600.57806,378.56973,593.90326
695,380.04794,360.07504,378.92838,359.69238
696,381.40182,343.82516,380.3872,344.77142
697,379.84155,243.14629,380.6607,245.54033
698,381.53027,337.75818,380.98538,339.13437
699,381.13358,280.371,381.2817,282.9678
700,385.22018,476.35056,382.88913,473.17178
701,386.62595,624.48706,383.06555,617.7168
702,381.54752,165.64508,383.1008,166.09267
703,385.97162,464.01364,383.78265,461.09933
704,384.91342,346.96994,384.05344,346.96237
705,385.4585,299.7201,384.3665,302.3197
706,387.50705,482.11084,384.82794,478.60626
707,386.94998,458.68185,384.91556,455.7925
708,388.03604,539.37396,385.4446,534.0461
709,386.29797,173.29471,385.57303,175.21907
710,386.29797,173.29471,385.57303,175.21907
711,387.9875,439.1018,386.0757,436.86282
712,388.6675,461.51425,386.53992,458.3526
713,388.49637,408.3677,386.84384,406.87433
714,389.01147,485.99118,386.98944,482.00006
715,390.11597,523.5729,387.19824,519.0804
716,391.02875,528.73206,388.35516,523.53735
717,391.1218,493.35608,388.44385,489.34372
718,391.2075,464.7847,389.061,461.54813
719,392.2494,473.7117,389.58356,470.52524
720,389.83456,276.63815,389.7743,278.73468
721,390.3909,205.87325,390.83737,208.53203
722,391.88272,208.96524,391.27744,212.11345
723,391.95862,332.2782,391.3607,333.2165
724,390.65988,262.00925,391.4994,264.33154
725,393.60852,368.9201,392.0549,368.49625
726,392.76752,198.49838,392.8207,201.25
727,396.2485,569.0509,392.82278,562.8072
728,393.872,392.0886,393.19577,390.08154
729,393.94247,279.21286,394.0671,281.48856
730,394.92435,205.40671,394.16672,208.65677
731,395.70474,383.79617,394.21292,382.73062
732,395.37625,310.53375,394.96152,312.0549
733,398.61642,537.81366,395.3616,532.40393
734,399.14764,566.1891,396.0322,559.94366
735,399.14764,566.1891,396.0322,559.94366
736,397.57315,419.59073,396.1641,417.40707
737,398.9733,522.0509,396.3117,517.0983
738,397.5361,353.94598,396.36493,353.06824
739,396.66437,173.01059,396.5856,175.03593
740,398.82828,513.4037,396.6881,508.40515
741,398.82828,513.4037,396.6881,508.40515
742,396.5463,272.44318,396.8662,274.32767
743,396.60324,216.89641,396.8748,220.05399
744,399.7428,475.28873,397.2185,471.7822
745,400.17767,526.07,397.34326,521.0682
746,400.35608,516.66583,397.46762,511.94638
747,400.27408,558.9774,397.53122,552.7451
748,399.94568,458.31198,397.6635,455.11664
749,400.93716,533.53766,397.9372,528.19037
750,398.1453,177.57884,398.19937,179.99979
751,398.43326,234.47325,398.48138,237.44937
752,399.35236,244.78857,398.569,247.98752
753,398.9445,220.46266,398.68796,223.42038
754,400.44373,369.66663,399.04807,368.48114
755,399.84274,251.4528,399.41528,253.88902
756,400.5845,325.93008,399.50394,326.27637
757,401.14972,387.55914,399.79034,386.06702
758,401.961,466.38757,400.12198,462.9373
759,400.84674,404.94006,400.41217,402.42584
760,403.0993,502.0419,400.58102,497.70612
761,403.16843,381.11353,400.78232,380.51678
762,405.57675,515.42706,402.15088,510.87857
763,405.15527,518.7939,402.41412,514.14935
764,405.51883,367.19482,403.25363,366.15027
765,403.61926,268.84732,403.37384,271.01248
766,406.69232,560.4497,403.38797,554.6787
767,405.1269,337.4711,403.5428,337.17078
768,407.10568,469.91797,404.56818,466.48724
769,405.32126,271.567,404.61224,273.77417
770,406.74548,222.61502,405.60413,225.78468
771,406.74548,222.61502,405.60413,225.78468
772,406.7263,345.04056,405.9366,344.00003
773,406.7263,345.04056,405.9366,344.00003
774,405.93015,215.53212,406.28516,218.3773
775,408.2077,199.75803,407.683,202.75055
776,408.4733,204.65376,408.68475,207.50237
777,410.0481,319.61676,408.72482,319.6795
778,410.2121,616.6773,408.8239,611.066
779,411.86194,368.8561,409.9817,367.89996
780,412.16663,569.17914,410.71817,562.5427
781,413.4822,477.64868,410.94482,474.2055
782,413.4822,477.64868,410.94482,474.2055
783,414.45792,596.1316,411.45554,589.8037
784,413.43225,378.71027,412.54755,377.55237
785,415.94656,432.47003,413.5129,430.07428
786,416.62936,401.1716,413.58838,400.24185
787,415.4243,364.8354,413.94397,363.7242
788,416.4944,389.0899,414.20563,387.32172
789,416.38568,326.68994,414.21158,326.3842
790,416.44708,383.69818,414.79965,382.24136
791,414.89005,184.07602,415.06393,186.84431
792,418.95206,598.25275,415.26562,592.649
793,415.79855,272.38327,415.39456,273.60922
794,415.331,167.71327,415.44742,169.85416
795,417.03726,332.17212,415.83325,331.35388
796,418.1146,392.35376,416.492,390.66693
797,419.92142,533.89124,417.01874,528.95776
798,416.35928,195.50397,417.02356,198.05695
799,418.23206,351.8473,417.05878,350.6227
800,417.94983,190.15797,417.07178,193.1035
801,417.70084,280.2608,417.6034,281.35263
802,419.88684,354.86508,417.941,354.0889
803,420.84326,574.0634,417.9582,568.3773
804,419.07224,245.97337,418.34314,247.9956
805,420.39484,427.1046,418.53848,424.74243
806,418.25995,206.78526,418.54315,209.33304
807,421.0105,471.47607,419.19812,467.80954
808,420.96744,358.43256,419.27753,357.4096
809,420.61703,245.94475,419.3696,248.33322
810,420.93094,320.4897,419.56503,319.81516
811,422.88803,507.99988,419.72876,504.44574
812,420.26852,218.41432,420.0964,220.95406
813,421.16327,286.93478,420.18198,287.74902
814,421.99823,343.74097,420.23993,342.9909
815,422.46088,460.055,420.30807,456.81375
816,421.00842,269.49808,420.48126,271.05237
817,424.26065,386.29776,422.0167,385.23532
818,422.65488,170.7787,422.11328,173.53065
819,425.2911,473.80408,422.92874,470.47983
820,423.96408,264.49176,423.0265,266.22983
821,423.96408,264.49176,423.0265,266.22983
822,427.19727,534.0182,423.1004,529.8501
823,425.8902,509.695,423.32822,505.63165
824,425.31644,329.8303,423.7237,328.93582
825,425.38696,414.60233,424.26517,411.70157
826,426.8811,299.61743,425.37698,300.03845
827,426.48898,230.29564,425.61746,232.00192
828,426.5335,218.51971,425.83823,220.67351
829,426.5335,218.51971,425.83823,220.67351
830,428.06262,320.5076,426.1633,319.81024
831,426.61685,255.34435,426.37805,256.60754
832,428.39465,276.12643,427.14685,277.1181
833,428.0651,234.33661,427.27017,236.77332
834,431.65732,473.9846,428.68365,471.40784
835,431.81937,510.74863,428.8425,507.15005
836,430.9311,477.02863,428.9027,473.91974
837,431.08447,355.37283,429.56982,353.69656
838,431.17102,211.00986,430.78568,213.20404
839,431.4228,223.41568,430.91986,225.39604
840,432.3799,252.6822,431.73297,253.84569
841,435.29877,511.89365,432.0288,508.43027
842,434.88412,445.9451,432.37137,443.94543
843,434.89603,480.52982,432.48578,477.61423
844,435.7969,580.0885,432.5072,575.51074
845,434.7128,329.09747,432.5704,328.02417
846,433.8347,287.752,432.8881,288.08655
847,434.63943,464.65958,432.89206,461.86038
848,434.23337,235.89728,433.72717,237.50858
849,435.55524,289.94446,433.80133,290.6507
850,436.89023,378.68127,434.07556,377.12778
851,436.43143,552.0206,434.0856,547.32446
852,435.4237,348.77466,434.25394,347.13153
853,435.18533,239.08022,434.50635,240.8076
854,438.05438,475.0532,435.1609,472.29388
855,436.07083,172.39647,435.59662,174.37866
856,437.81577,342.74023,435.84317,340.93008
857,438.78925,520.1752,436.1792,516.4599
858,439.36652,426.4477,437.10925,424.57462
859,440.65033,487.10556,437.4599,484.39694
860,438.23438,253.59201,437.53223,254.94104
861,441.62308,355.40063,439.40665,353.4322
862,442.38217,468.31393,440.1798,466.02615
863,442.30164,258.26163,440.31842,259.2423
864,441.65057,217.67633,440.5464,219.57016
865,444.4715,490.65317,441.32794,487.95834
866,444.32465,318.09387,442.4533,316.71027
867,445.8355,545.3094,442.76584,541.70105
868,446.1055,427.7847,443.80112,425.8211
869,446.94424,525.6246,444.25073,522.787
870,446.9567,447.6321,444.31165,445.65704
871,446.16837,451.16187,444.3268,449.04553
872,446.15045,330.0909,444.68704,328.1293
873,447.8979,528.62054,444.8016,525.64044
874,449.63635,495.9938,445.00165,493.86368
875,448.39267,307.60767,445.07645,308.33685
876,447.54025,387.71188,445.56628,385.31024
877,448.3226,468.93967,445.82767,466.87714
878,449.55835,457.23083,445.96817,455.7682
879,448.5803,246.08366,446.62503,247.57414
880,449.44098,500.72623,447.0505,498.13358
881,450.05148,339.03305,447.67435,337.53665
882,449.8872,361.40393,447.84433,359.2629
883,450.4307,472.4008,447.95212,470.205
884,451.0266,274.19025,449.2967,274.4
885,453.3072,580.4669,450.12085,577.2116
886,453.17172,560.59296,450.4764,557.5729
887,453.0969,369.323,450.88004,367.1848
888,453.0969,369.323,450.88004,367.1848
889,453.24838,202.4805,452.45276,203.66519
890,456.36194,446.2732,453.91153,444.62262
891,457.01694,438.74957,454.44745,437.0453
892,457.44022,475.9792,454.87924,474.0864
893,457.84793,441.88788,455.318,440.06937
894,456.65176,464.32816,455.70135,461.64627
895,456.89166,261.94357,456.41406,261.33594
896,460.11603,487.47833,457.3574,485.46906
897,460.31927,454.76733,457.63748,453.16974
898,460.3482,240.05008,457.64624,242.64714
899,459.73105,434.92862,457.7574,433.19162
900,460.4688,320.0258,458.7788,317.86447
901,460.96515,312.8684,458.85126,311.48856
902,462.1353,439.9552,459.6091,438.61322
903,460.85864,181.05528,459.8346,181.65114
904,461.77557,516.8737,459.9244,514.06
905,462.64105,306.68298,460.50394,305.11667
906,461.4082,223.48169,460.5674,224.1167
907,462.12094,256.8746,460.61523,257.44217
908,462.96765,325.10992,460.8431,323.0349
909,464.4169,474.47473,461.8902,472.85925
910,465.1456,328.36465,462.17285,326.1841
911,464.6977,368.46246,462.19815,366.14893
912,464.6977,368.46246,462.19815,366.14893
913,463.96915,262.66476,462.48105,262.55362
914,465.0964,430.1779,462.67667,428.38577
915,465.4569,507.62115,463.00943,505.49255
916,469.54675,420.763,464.69528,420.52515
917,466.54282,252.80292,464.97058,253.11592
918,467.25897,319.22583,465.62396,316.8975
919,468.39395,338.2633,466.3764,335.55353
920,467.78806,175.33853,466.65906,175.88293
921,469.2417,439.60065,466.8114,437.9532
922,472.10004,495.31018,467.04562,494.02307
923,470.30557,322.5212,467.87976,320.38623
924,469.71405,178.08109,468.51724,178.35876
925,471.1546,333.9568,468.6889,331.9563
926,471.44943,342.3355,468.98416,340.05795
927,471.20926,279.71527,469.679,278.91885
928,472.88705,501.53476,469.76236,499.83792
929,472.52872,336.9585,470.103,334.6064
931,474.50226,467.73154,471.54742,466.5931
932,474.19833,177.81177,471.6646,179.62263
933,474.668,483.0495,472.00092,481.6173
934,474.07065,472.69086,472.10162,470.97662
935,473.81464,202.67387,472.45972,203.05473
936,475.7067,368.051,473.21866,364.80487
938,477.01474,266.88205,475.136,266.34457
939,477.56677,228.39905,475.45087,228.50807
940,477.8928,450.38995,475.6969,448.7854
941,479.441,272.585,476.84763,271.5829
942,479.42532,278.9687,477.0039,278.12543
943,479.92972,363.99213,477.4595,361.3426
945,480.76123,200.94147,479.2844,200.88055
946,481.68622,173.17175,479.4606,173.22528
947,484.10687,398.42297,480.16928,396.29468
949,484.7863,305.69424,482.24222,303.84265
950,483.99213,247.6457,482.38416,247.00427
951,483.99213,247.6457,482.38416,247.00427
952,484.85162,300.3459,482.5738,298.5311
953,484.9204,313.06946,482.6649,310.8469
956,486.66397,317.8082,483.963,315.64944
957,486.90335,331.9894,484.5971,329.677
958,487.37012,361.81543,484.68204,359.09247
960,487.1358,255.66603,485.23138,254.81445
961,487.527,283.205,485.3251,281.9744
963,488.1536,258.52454,486.30652,257.48816
964,488.90903,269.00598,486.7589,268.10306
965,489.17844,201.32042,487.18576,201.14502
966,489.80746,335.75653,487.22745,333.53998
967,489.66763,245.06015,487.32373,244.43396
968,489.66763,245.06015,487.32373,244.43396
972,490.46603,248.89679,488.9242,247.94305
973,490.46603,248.89679,488.9242,247.94305
978,491.93726,290.07773,489.70282,288.21667
979,493.24396,380.64587,490.1925,377.90268
981,492.9453,304.8867,490.5086,302.95807
982,492.9453,304.8867,490.5086,302.95807
983,492.56152,265.5598,490.59647,264.5408
984,492.56152,265.5598,490.59647,264.5408
985,493.44196,384.79587,490.63806,382.0133
994,494.54343,224.75476,492.15927,223.86877
999,494.91797,397.97775,492.60382,395.61926
1001,496.37933,390.7001,493.27988,388.02322
1002,495.819,339.9628,493.41016,337.39694
1003,495.65683,228.99329,493.4111,228.17082
1006,497.29895,401.853,494.1743,399.9213
1007,497.2503,353.94568,494.5366,351.28238
1008,497.9128,376.70276,494.56693,374.09863
1010,498.29776,252.62505,496.2682,251.15466
1011,497.70895,302.5881,496.57593,299.7709
1012,499.38553,355.0022,496.6895,352.5856
1016,500.9639,241.31773,499.03735,239.7491
1017,501.9003,283.07538,499.65457,281.03043
1018,502.09793,323.93137,499.73038,321.8744
1021,503.87903,227.22514,501.27713,226.12885
1023,504.01312,365.9183,501.65125,363.20633
1026,504.97482,296.576,502.8092,293.27246
1028,506.52777,260.59824,504.02533,258.8215
1029,507.40375,239.5722,504.47534,237.95882
1030,508.0002,383.5039,504.55524,380.9909
1031,507.46945,389.56635,504.73242,387.149
1033,507.53305,247.25844,505.37488,245.86502
1034,507.53305,247.25844,505.37488,245.86502
1037,507.62796,343.1762,505.95132,340.73416
1038,508.32248,267.42206,506.02112,265.53717
1041,508.8974,283.5312,506.62405,281.3567
1043,509.55078,249.58054,506.83698,248.24307
1044,509.71692,307.29926,507.8083,304.9443
1046,510.83295,286.78986,508.3021,284.49
1049,512.3192,201.42865,510.4114,200.4644
1050,512.3192,201.42865,510.4114,200.4644
1052,514.9166,386.05515,511.7302,384.08844
1053,517.45105,364.8349,512.7072,362.6576
1055,516.39886,397.48453,513.58545,395.52176
1056,516.83203,258.39246,513.91846,256.49493
1058,517.1791,277.8558,514.3889,275.7874
1059,517.00226,242.23473,514.57477,240.35298
1062,519.3943,325.21997,515.5743,323.48956
1063,519.9841,286.43607,516.1194,284.7547
1066,520.35376,330.21503,517.7385,328.10587
1070,521.5354,292.97137,519.448,290.8162
1071,522.10144,226.85378,519.4948,224.9993
1072,522.40076,257.16458,519.6808,255.05841
1073,523.6152,297.8553,520.2396,295.65665
1075,522.76,251.66713,520.61456,249.17953
1077,523.4568,307.5567,521.0003,305.64957
1079,526.7165,280.00778,524.0014,277.73392
1080,526.99084,316.09338,524.1713,314.19577
1081,526.7096,238.83937,524.32196,236.4944
1082,526.8382,319.4535,524.3425,317.47995
1083,526.4924,245.8369,524.6202,243.33778
1084,526.559,312.65192,524.6323,310.42218
1085,527.9411,364.8728,525.59814,362.4044
1088,528.39307,231.17119,525.7942,229.03093
1089,527.8485,218.84152,526.57574,216.94868
1090,529.599,329.31247,527.0295,327.33487
1092,530.52295,368.63638,527.416,366.64966
1093,530.2902,383.374,527.45874,381.51886
1094,531.6269,309.94046,528.90216,307.956
1095,531.6269,309.94046,528.90216,307.956
1097,532.08966,232.9038,529.4635,230.6728
1098,532.90173,226.32117,529.60266,224.54483
1099,532.2296,295.36462,529.81744,293.2099
1102,534.04596,335.99133,530.82623,334.23727
1103,533.7051,361.9501,530.95233,359.57587
1104,534.0746,315.17017,531.209,313.32245
1105,533.87714,247.40985,531.3795,245.25352
1106,533.99805,236.43959,531.5036,233.96812
1107,534.94836,357.2277,532.08496,355.0889
1109,536.1534,234.10075,533.15765,231.63841
1111,536.60895,237.03813,533.6535,234.48341
1114,537.8592,348.54398,534.87494,346.58957
1115,538.42,393.74457,535.5645,391.954
1117,539.6578,324.21948,537.4547,322.23312
1118,540.71204,245.08171,538.18365,242.26787
1119,541.0025,310.4506,538.2591,308.54776
1120,542.6673,388.47656,539.615,386.95816
1121,542.7884,283.06342,539.75507,280.87012
1122,543.3793,339.0529,540.1457,337.52463
1123,543.8201,391.80737,541.02795,390.3707
1124,544.35345,371.089,541.66766,369.28043
1126,546.4976,247.73193,543.1294,245.28764
1127,546.29364,245.98933,543.15985,243.32921
1128,546.7017,334.29752,543.69904,332.48965
1129,547.2435,258.42264,544.1831,255.94124
1130,548.6613,368.30838,544.63763,367.2944
1131,547.88824,314.32004,545.03265,312.58215
1132,548.6075,337.53412,545.15704,336.0741
1134,548.36444,261.6639,545.64886,258.8621
1135,549.6266,275.15964,547.1581,272.5657
1136,550.2935,367.2988,547.4023,365.52423
1137,550.2935,367.2988,547.4023,365.52423
1139,550.6514,233.71925,547.91254,231.02936
1140,551.1672,264.64236,548.26697,261.11627
1141,552.9817,247.60117,550.1435,244.88426
1143,553.67975,271.57782,550.7857,268.44037
1144,555.27563,252.82585,551.51965,250.40515
1145,554.2163,358.2947,551.6465,356.54608
1146,554.44586,302.22375,551.9403,299.99036
1147,556.3396,368.89328,554.1069,367.69318
1148,558.42285,282.1105,554.5275,280.05963
1149,560.59094,239.46838,557.4516,236.9499
1151,562.669,258.48685,559.54156,255.54509
1153,565.47455,278.99075,561.5672,276.88358
1154,565.47455,278.99075,561.5672,276.88358
1155,564.81494,233.36786,561.67786,230.76234
1156,564.2644,312.74292,561.7305,311.33444
1157,564.9444,342.68686,561.96875,341.48807
1158,565.4271,320.05008,562.3698,318.58438
1159,565.4411,313.2581,562.52136,312.01962
1160,566.15955,236.32759,563.1035,233.69435
1162,567.39734,282.14813,563.9415,279.88412
1163,566.60675,334.86053,564.3876,333.0403
1165,568.99713,312.38666,566.4499,311.012
1172,571.6534,267.25818,569.6249,263.89755
1177,575.33527,275.05325,571.6602,272.67004
1178,575.3398,289.96152,572.1131,288.3576
1179,574.96185,264.41925,572.26526,261.7228
1182,576.8272,231.72531,573.6033,229.44644
1183,577.2407,319.94568,573.8761,318.90695
1185,578.5822,253.69261,575.01184,251.36745
1186,580.0539,257.966,577.48083,255.22035
1187,581.2192,336.93283,578.3117,336.5444
1189,582.5697,222.97026,579.76697,220.32639
1190,584.60626,227.2207,581.09155,224.78398
1191,584.06067,233.04594,581.1471,230.52725
1192,586.8873,236.54803,582.97815,234.40077
1193,590.08167,230.32149,586.4767,228.39893
1194,590.64514,267.31815,587.3879,265.37537
1195,591.254,220.70395,588.3773,218.1042
1196,591.0358,270.7536,588.51245,268.3694
1199,594.8604,242.8093,591.3144,240.4901
1200,596.3456,248.98923,592.9956,246.40976
1204,597.6765,199.23317,594.4565,196.28452
1209,598.32434,274.2152,595.09344,272.50262
1212,599.9864,261.14117,596.76917,258.97372
1215,604.1846,209.52509,601.1156,206.33975
1216,607.4436,265.6883,603.27655,264.02454
1218,613.1614,225.01065,609.33,223.13904
1219,616.4187,280.97342,612.60834,279.7031
1221,616.1679,213.0262,613.9732,209.24535
1222,617.019,232.70055,614.2301,231.00533
1223,617.9316,269.1262,615.0218,267.4071
1225,624.9494,222.33392,621.0798,219.77055
1226,624.8416,203.86746,621.18774,201.33922
1227,625.9431,271.37955,622.8729,270.23804
1228,626.2953,281.83337,624.10834,280.47073
